<?xml version="1.0" encoding="utf-8"?>
<!--/12784168/1211395/2.50/31/4/Integrated Circuit/-->
<quadcept_library>
  <setting unit="mil" />
  <textstyle name="Default" height="47.244094488189" strokewidth="7.8740157480315" charwidth="47.244094488189" />
  <textstyle name="Dimension" height="19.6850393700787" strokewidth="0" charwidth="19.6850393700787" />
  <textstyle name="H127W0635TH00762" height="50" strokewidth="3" charwidth="25" />
  <textstyle name="H15W15TH02" height="59.0551181102362" strokewidth="7.8740157480315" charwidth="59.0551181102362" />
  <padstyle name="b240_80" surface="True" plated="False" isvia="False" nopaste="False" nomask="True" complex="False" holesize="0">
    <padshape layer="TOP" shape="oblong" width="31.496062992126" height="94.488188976377" />
    <padshape layer="TOP_SOLDER_MASK" shape="oblong" width="39.370078740157" height="102.36220472441" />
    <padshape layer="TOP_SOLDER_PASTE" shape="oblong" width="31.496062992126" height="94.488188976377" />
  </padstyle>
  <footprint name="BGM220PC22HNA2R" originx="0" originy="0" pickpointx="0" pickpointy="0">
    <pcbpin number="1" name="1" style="b240_80" originx="-222.44094488189" originy="263.77952755905" rotation="90" />
    <pcbpin number="2" name="2" style="b240_80" originx="-222.44094488189" originy="216.53543307086" rotation="90" />
    <pcbpin number="3" name="3" style="b240_80" originx="-222.44094488189" originy="169.29133858268" rotation="90" />
    <pcbpin number="4" name="4" style="b240_80" originx="-222.44094488189" originy="122.04724409449" rotation="90" />
    <pcbpin number="5" name="5" style="b240_80" originx="-222.44094488189" originy="74.803149606298" rotation="90" />
    <pcbpin number="6" name="6" style="b240_80" originx="-222.44094488189" originy="27.55905511811" rotation="90" />
    <pcbpin number="7" name="7" style="b240_80" originx="-222.44094488189" originy="-19.685039370078" rotation="90" />
    <pcbpin number="8" name="8" style="b240_80" originx="-222.44094488189" originy="-66.929133858267" rotation="90" />
    <pcbpin number="9" name="9" style="b240_80" originx="-222.44094488189" originy="-114.17322834646" rotation="90" />
    <pcbpin number="10" name="10" style="b240_80" originx="-222.44094488189" originy="-161.41732283464" rotation="90" />
    <pcbpin number="11" name="11" style="b240_80" originx="-222.44094488189" originy="-208.66141732283" rotation="90" />
    <pcbpin number="12" name="12" style="b240_80" originx="-222.44094488189" originy="-255.90551181102" rotation="90" />
    <pcbpin number="13" name="13" style="b240_80" originx="-141.73228346457" originy="-259.84251968504" rotation="0" />
    <pcbpin number="14" name="14" style="b240_80" originx="-94.488188976377" originy="-259.84251968504" rotation="0" />
    <pcbpin number="15" name="15" style="b240_80" originx="-47.244094488188" originy="-259.84251968504" rotation="0" />
    <pcbpin number="16" name="16" style="b240_80" originx="0" originy="-259.84251968504" rotation="0" />
    <pcbpin number="17" name="17" style="b240_80" originx="47.244094488188" originy="-259.84251968504" rotation="0" />
    <pcbpin number="18" name="18" style="b240_80" originx="94.488188976377" originy="-259.84251968504" rotation="0" />
    <pcbpin number="19" name="19" style="b240_80" originx="141.73228346457" originy="-259.84251968504" rotation="0" />
    <pcbpin number="20" name="20" style="b240_80" originx="222.44094488189" originy="-255.90551181102" rotation="90" />
    <pcbpin number="21" name="21" style="b240_80" originx="222.44094488189" originy="-208.66141732283" rotation="90" />
    <pcbpin number="22" name="22" style="b240_80" originx="222.44094488189" originy="-161.41732283464" rotation="90" />
    <pcbpin number="23" name="23" style="b240_80" originx="222.44094488189" originy="-114.17322834646" rotation="90" />
    <pcbpin number="24" name="24" style="b240_80" originx="222.44094488189" originy="-66.929133858267" rotation="90" />
    <pcbpin number="25" name="25" style="b240_80" originx="222.44094488189" originy="-19.685039370078" rotation="90" />
    <pcbpin number="26" name="26" style="b240_80" originx="222.44094488189" originy="27.55905511811" rotation="90" />
    <pcbpin number="27" name="27" style="b240_80" originx="222.44094488189" originy="74.803149606298" rotation="90" />
    <pcbpin number="28" name="28" style="b240_80" originx="222.44094488189" originy="122.04724409449" rotation="90" />
    <pcbpin number="29" name="29" style="b240_80" originx="222.44094488189" originy="169.29133858268" rotation="90" />
    <pcbpin number="30" name="30" style="b240_80" originx="222.44094488189" originy="216.53543307086" rotation="90" />
    <pcbpin number="31" name="31" style="b240_80" originx="222.44094488189" originy="263.77952755905" rotation="90" />
    <line layer="TOP_ASSEMBLY" originx="-253.93700787401" originy="295.27559055118" endx="253.93700787401" endy="295.27559055118" width="7.8740157480314" />
    <line layer="TOP_ASSEMBLY" originx="253.93700787401" originy="295.27559055118" endx="253.93700787401" endy="-295.27559055118" width="7.8740157480314" />
    <line layer="TOP_ASSEMBLY" originx="253.93700787401" originy="-295.27559055118" endx="-253.93700787401" endy="-295.27559055118" width="7.8740157480314" />
    <line layer="TOP_ASSEMBLY" originx="-253.93700787401" originy="-295.27559055118" endx="-253.93700787401" endy="295.27559055118" width="7.8740157480314" />
    <line layer="TOP_PLACE_BOUND" originx="-332.67716535433" originy="334.64566929133" endx="309.05511811023" endy="334.64566929133" width="3.9370078740157" />
    <line layer="TOP_PLACE_BOUND" originx="309.05511811023" originy="334.64566929133" endx="309.05511811023" endy="-346.45669291338" width="3.9370078740157" />
    <line layer="TOP_PLACE_BOUND" originx="309.05511811023" originy="-346.45669291338" endx="-332.67716535433" endy="-346.45669291338" width="3.9370078740157" />
    <line layer="TOP_PLACE_BOUND" originx="-332.67716535433" originy="-346.45669291338" endx="-332.67716535433" endy="334.64566929133" width="3.9370078740157" />
    <line layer="TOP_SILKSCREEN" originx="-244.09448818897" originy="295.27559055118" endx="244.09448818897" endy="295.27559055118" width="3.9370078740157" />
    <line layer="TOP_SILKSCREEN" originx="-291.33858267716" originy="267.71653543307" endx="-291.33858267716" endy="267.71653543307" width="3.9370078740157" />
    <arc layer="TOP_SILKSCREEN" originx="-291.33858267716" originy="265.74803149606" startangle="90.0" sweepangle="180.0" radius="1.9685039370078" width="3.9370078740157" />
    <line layer="TOP_SILKSCREEN" originx="-291.33858267716" originy="263.77952755905" endx="-291.33858267716" endy="263.77952755905" width="3.9370078740157" />
    <arc layer="TOP_SILKSCREEN" originx="-291.33858267716" originy="265.74803149606" startangle="-90.0" sweepangle="180.0" radius="1.9685039370078" width="3.9370078740157" />
  </footprint>
  <symbol name="BGM220PC22HNA2R" originx="0" originy="0">
    <line originx="200" originy="100" endx="1100" endy="100" width="0" />
    <line originx="1100" originy="-1600" endx="1100" endy="100" width="0" />
    <line originx="1100" originy="-1600" endx="200" endy="-1600" width="0" />
    <line originx="200" originy="100" endx="200" endy="-1600" width="0" />
    <sympin number="1" originx="200" originy="0" rotation="180" length="100" width="7.8740157480315" flipped="False">
      <text name="pinname" originx="230" originy="0" style="Default" rotation="0" justify="left" flipped="False" hidden="False" data="GND_1" />
      <text name="pindes" originx="140" originy="20" style="Default" rotation="0" justify="lowerright" flipped="False" hidden="False" data="1" />
    </sympin>
    <sympin number="2" originx="200" originy="-100" rotation="180" length="100" width="7.8740157480315" flipped="False">
      <text name="pinname" originx="230" originy="-100" style="Default" rotation="0" justify="left" flipped="False" hidden="False" data="PB04" />
      <text name="pindes" originx="140" originy="-80" style="Default" rotation="0" justify="lowerright" flipped="False" hidden="False" data="2" />
    </sympin>
    <sympin number="3" originx="200" originy="-200" rotation="180" length="100" width="7.8740157480315" flipped="False">
      <text name="pinname" originx="230" originy="-200" style="Default" rotation="0" justify="left" flipped="False" hidden="False" data="PB03" />
      <text name="pindes" originx="140" originy="-180" style="Default" rotation="0" justify="lowerright" flipped="False" hidden="False" data="3" />
    </sympin>
    <sympin number="4" originx="200" originy="-300" rotation="180" length="100" width="7.8740157480315" flipped="False">
      <text name="pinname" originx="230" originy="-300" style="Default" rotation="0" justify="left" flipped="False" hidden="False" data="PB02" />
      <text name="pindes" originx="140" originy="-280" style="Default" rotation="0" justify="lowerright" flipped="False" hidden="False" data="4" />
    </sympin>
    <sympin number="5" originx="200" originy="-400" rotation="180" length="100" width="7.8740157480315" flipped="False">
      <text name="pinname" originx="230" originy="-400" style="Default" rotation="0" justify="left" flipped="False" hidden="False" data="PB01" />
      <text name="pindes" originx="140" originy="-380" style="Default" rotation="0" justify="lowerright" flipped="False" hidden="False" data="5" />
    </sympin>
    <sympin number="6" originx="200" originy="-500" rotation="180" length="100" width="7.8740157480315" flipped="False">
      <text name="pinname" originx="230" originy="-500" style="Default" rotation="0" justify="left" flipped="False" hidden="False" data="PB00" />
      <text name="pindes" originx="140" originy="-480" style="Default" rotation="0" justify="lowerright" flipped="False" hidden="False" data="6" />
    </sympin>
    <sympin number="7" originx="200" originy="-600" rotation="180" length="100" width="7.8740157480315" flipped="False">
      <text name="pinname" originx="230" originy="-600" style="Default" rotation="0" justify="left" flipped="False" hidden="False" data="PA00" />
      <text name="pindes" originx="140" originy="-580" style="Default" rotation="0" justify="lowerright" flipped="False" hidden="False" data="7" />
    </sympin>
    <sympin number="8" originx="200" originy="-700" rotation="180" length="100" width="7.8740157480315" flipped="False">
      <text name="pinname" originx="230" originy="-700" style="Default" rotation="0" justify="left" flipped="False" hidden="False" data="PA01" />
      <text name="pindes" originx="140" originy="-680" style="Default" rotation="0" justify="lowerright" flipped="False" hidden="False" data="8" />
    </sympin>
    <sympin number="9" originx="200" originy="-800" rotation="180" length="100" width="7.8740157480315" flipped="False">
      <text name="pinname" originx="230" originy="-800" style="Default" rotation="0" justify="left" flipped="False" hidden="False" data="PA02" />
      <text name="pindes" originx="140" originy="-780" style="Default" rotation="0" justify="lowerright" flipped="False" hidden="False" data="9" />
    </sympin>
    <sympin number="10" originx="200" originy="-900" rotation="180" length="100" width="7.8740157480315" flipped="False">
      <text name="pinname" originx="230" originy="-900" style="Default" rotation="0" justify="left" flipped="False" hidden="False" data="PA03" />
      <text name="pindes" originx="140" originy="-880" style="Default" rotation="0" justify="lowerright" flipped="False" hidden="False" data="10" />
    </sympin>
    <sympin number="11" originx="200" originy="-1000" rotation="180" length="100" width="7.8740157480315" flipped="False">
      <text name="pinname" originx="230" originy="-1000" style="Default" rotation="0" justify="left" flipped="False" hidden="False" data="PA04" />
      <text name="pindes" originx="140" originy="-980" style="Default" rotation="0" justify="lowerright" flipped="False" hidden="False" data="11" />
    </sympin>
    <sympin number="12" originx="200" originy="-1100" rotation="180" length="100" width="7.8740157480315" flipped="False">
      <text name="pinname" originx="230" originy="-1100" style="Default" rotation="0" justify="left" flipped="False" hidden="False" data="GND_2" />
      <text name="pindes" originx="140" originy="-1080" style="Default" rotation="0" justify="lowerright" flipped="False" hidden="False" data="12" />
    </sympin>
    <sympin number="13" originx="200" originy="-1200" rotation="180" length="100" width="7.8740157480315" flipped="False">
      <text name="pinname" originx="230" originy="-1200" style="Default" rotation="0" justify="left" flipped="False" hidden="False" data="VDD" />
      <text name="pindes" originx="140" originy="-1180" style="Default" rotation="0" justify="lowerright" flipped="False" hidden="False" data="13" />
    </sympin>
    <sympin number="14" originx="200" originy="-1300" rotation="180" length="100" width="7.8740157480315" flipped="False">
      <text name="pinname" originx="230" originy="-1300" style="Default" rotation="0" justify="left" flipped="False" hidden="False" data="PA05" />
      <text name="pindes" originx="140" originy="-1280" style="Default" rotation="0" justify="lowerright" flipped="False" hidden="False" data="14" />
    </sympin>
    <sympin number="15" originx="200" originy="-1400" rotation="180" length="100" width="7.8740157480315" flipped="False">
      <text name="pinname" originx="230" originy="-1400" style="Default" rotation="0" justify="left" flipped="False" hidden="False" data="PA06" />
      <text name="pindes" originx="140" originy="-1380" style="Default" rotation="0" justify="lowerright" flipped="False" hidden="False" data="15" />
    </sympin>
    <sympin number="16" originx="200" originy="-1500" rotation="180" length="100" width="7.8740157480315" flipped="False">
      <text name="pinname" originx="230" originy="-1500" style="Default" rotation="0" justify="left" flipped="False" hidden="False" data="PA07" />
      <text name="pindes" originx="140" originy="-1480" style="Default" rotation="0" justify="lowerright" flipped="False" hidden="False" data="16" />
    </sympin>
    <sympin number="17" originx="1100" originy="0" rotation="0" length="100" width="7.8740157480315" flipped="False">
      <text name="pinname" originx="1070" originy="0" style="Default" rotation="0" justify="right" flipped="False" hidden="False" data="PA08" />
      <text name="pindes" originx="1160" originy="20" style="Default" rotation="0" justify="lowerleft" flipped="False" hidden="False" data="17" />
    </sympin>
    <sympin number="18" originx="1100" originy="-100" rotation="0" length="100" width="7.8740157480315" flipped="False">
      <text name="pinname" originx="1070" originy="-100" style="Default" rotation="0" justify="right" flipped="False" hidden="False" data="PD03" />
      <text name="pindes" originx="1160" originy="-80" style="Default" rotation="0" justify="lowerleft" flipped="False" hidden="False" data="18" />
    </sympin>
    <sympin number="19" originx="1100" originy="-200" rotation="0" length="100" width="7.8740157480315" flipped="False">
      <text name="pinname" originx="1070" originy="-200" style="Default" rotation="0" justify="right" flipped="False" hidden="False" data="PD02" />
      <text name="pindes" originx="1160" originy="-180" style="Default" rotation="0" justify="lowerleft" flipped="False" hidden="False" data="19" />
    </sympin>
    <sympin number="20" originx="1100" originy="-300" rotation="0" length="100" width="7.8740157480315" flipped="False">
      <text name="pinname" originx="1070" originy="-300" style="Default" rotation="0" justify="right" flipped="False" hidden="False" data="GND_3" />
      <text name="pindes" originx="1160" originy="-280" style="Default" rotation="0" justify="lowerleft" flipped="False" hidden="False" data="20" />
    </sympin>
    <sympin number="21" originx="1100" originy="-400" rotation="0" length="100" width="7.8740157480315" flipped="False">
      <text name="pinname" originx="1070" originy="-400" style="Default" rotation="0" justify="right" flipped="False" hidden="False" data="NC" />
      <text name="pindes" originx="1160" originy="-380" style="Default" rotation="0" justify="lowerleft" flipped="False" hidden="False" data="21" />
    </sympin>
    <sympin number="22" originx="1100" originy="-500" rotation="0" length="100" width="7.8740157480315" flipped="False">
      <text name="pinname" originx="1070" originy="-500" style="Default" rotation="0" justify="right" flipped="False" hidden="False" data="PC00" />
      <text name="pindes" originx="1160" originy="-480" style="Default" rotation="0" justify="lowerleft" flipped="False" hidden="False" data="22" />
    </sympin>
    <sympin number="23" originx="1100" originy="-600" rotation="0" length="100" width="7.8740157480315" flipped="False">
      <text name="pinname" originx="1070" originy="-600" style="Default" rotation="0" justify="right" flipped="False" hidden="False" data="PC01" />
      <text name="pindes" originx="1160" originy="-580" style="Default" rotation="0" justify="lowerleft" flipped="False" hidden="False" data="23" />
    </sympin>
    <sympin number="24" originx="1100" originy="-700" rotation="0" length="100" width="7.8740157480315" flipped="False">
      <text name="pinname" originx="1070" originy="-700" style="Default" rotation="0" justify="right" flipped="False" hidden="False" data="PC02" />
      <text name="pindes" originx="1160" originy="-680" style="Default" rotation="0" justify="lowerleft" flipped="False" hidden="False" data="24" />
    </sympin>
    <sympin number="25" originx="1100" originy="-800" rotation="0" length="100" width="7.8740157480315" flipped="False">
      <text name="pinname" originx="1070" originy="-800" style="Default" rotation="0" justify="right" flipped="False" hidden="False" data="PC03" />
      <text name="pindes" originx="1160" originy="-780" style="Default" rotation="0" justify="lowerleft" flipped="False" hidden="False" data="25" />
    </sympin>
    <sympin number="26" originx="1100" originy="-900" rotation="0" length="100" width="7.8740157480315" flipped="False">
      <text name="pinname" originx="1070" originy="-900" style="Default" rotation="0" justify="right" flipped="False" hidden="False" data="PC04" />
      <text name="pindes" originx="1160" originy="-880" style="Default" rotation="0" justify="lowerleft" flipped="False" hidden="False" data="26" />
    </sympin>
    <sympin number="27" originx="1100" originy="-1000" rotation="0" length="100" width="7.8740157480315" flipped="False">
      <text name="pinname" originx="1070" originy="-1000" style="Default" rotation="0" justify="right" flipped="False" hidden="False" data="PC05" />
      <text name="pindes" originx="1160" originy="-980" style="Default" rotation="0" justify="lowerleft" flipped="False" hidden="False" data="27" />
    </sympin>
    <sympin number="28" originx="1100" originy="-1100" rotation="0" length="100" width="7.8740157480315" flipped="False">
      <text name="pinname" originx="1070" originy="-1100" style="Default" rotation="0" justify="right" flipped="False" hidden="False" data="PC06" />
      <text name="pindes" originx="1160" originy="-1080" style="Default" rotation="0" justify="lowerleft" flipped="False" hidden="False" data="28" />
    </sympin>
    <sympin number="29" originx="1100" originy="-1200" rotation="0" length="100" width="7.8740157480315" flipped="False">
      <text name="pinname" originx="1070" originy="-1200" style="Default" rotation="0" justify="right" flipped="False" hidden="False" data="PC07" />
      <text name="pindes" originx="1160" originy="-1180" style="Default" rotation="0" justify="lowerleft" flipped="False" hidden="False" data="29" />
    </sympin>
    <sympin number="30" originx="1100" originy="-1300" rotation="0" length="100" width="7.8740157480315" flipped="False">
      <text name="pinname" originx="1070" originy="-1300" style="Default" rotation="0" justify="right" flipped="False" hidden="False" data="RESETN" />
      <text name="pindes" originx="1160" originy="-1280" style="Default" rotation="0" justify="lowerleft" flipped="False" hidden="False" data="30" />
    </sympin>
    <sympin number="31" originx="1100" originy="-1400" rotation="0" length="100" width="7.8740157480315" flipped="False">
      <text name="pinname" originx="1070" originy="-1400" style="Default" rotation="0" justify="right" flipped="False" hidden="False" data="GND_4" />
      <text name="pindes" originx="1160" originy="-1380" style="Default" rotation="0" justify="lowerleft" flipped="False" hidden="False" data="31" />
    </sympin>
  </symbol>
  <component name="BGM220PC22HNA2R" designatorprefix="IC" height="94.488188976377" footprint="BGM220PC22HNA2R">
    <comppin designator="1" sympin="1" pinswap="0" gateswap="0" gate="1" group="1" side="" type="Any" name="GND_1" />
    <comppin designator="2" sympin="2" pinswap="0" gateswap="0" gate="1" group="1" side="" type="Any" name="PB04" />
    <comppin designator="3" sympin="3" pinswap="0" gateswap="0" gate="1" group="1" side="" type="Any" name="PB03" />
    <comppin designator="4" sympin="4" pinswap="0" gateswap="0" gate="1" group="1" side="" type="Any" name="PB02" />
    <comppin designator="5" sympin="5" pinswap="0" gateswap="0" gate="1" group="1" side="" type="Any" name="PB01" />
    <comppin designator="6" sympin="6" pinswap="0" gateswap="0" gate="1" group="1" side="" type="Any" name="PB00" />
    <comppin designator="7" sympin="7" pinswap="0" gateswap="0" gate="1" group="1" side="" type="Any" name="PA00" />
    <comppin designator="8" sympin="8" pinswap="0" gateswap="0" gate="1" group="1" side="" type="Any" name="PA01" />
    <comppin designator="9" sympin="9" pinswap="0" gateswap="0" gate="1" group="1" side="" type="Any" name="PA02" />
    <comppin designator="10" sympin="10" pinswap="0" gateswap="0" gate="1" group="1" side="" type="Any" name="PA03" />
    <comppin designator="11" sympin="11" pinswap="0" gateswap="0" gate="1" group="1" side="" type="Any" name="PA04" />
    <comppin designator="12" sympin="12" pinswap="0" gateswap="0" gate="1" group="1" side="" type="Any" name="GND_2" />
    <comppin designator="13" sympin="13" pinswap="0" gateswap="0" gate="1" group="1" side="" type="Any" name="VDD" />
    <comppin designator="14" sympin="14" pinswap="0" gateswap="0" gate="1" group="1" side="" type="Any" name="PA05" />
    <comppin designator="15" sympin="15" pinswap="0" gateswap="0" gate="1" group="1" side="" type="Any" name="PA06" />
    <comppin designator="16" sympin="16" pinswap="0" gateswap="0" gate="1" group="1" side="" type="Any" name="PA07" />
    <comppin designator="17" sympin="17" pinswap="0" gateswap="0" gate="1" group="1" side="" type="Any" name="PA08" />
    <comppin designator="18" sympin="18" pinswap="0" gateswap="0" gate="1" group="1" side="" type="Any" name="PD03" />
    <comppin designator="19" sympin="19" pinswap="0" gateswap="0" gate="1" group="1" side="" type="Any" name="PD02" />
    <comppin designator="20" sympin="20" pinswap="0" gateswap="0" gate="1" group="1" side="" type="Any" name="GND_3" />
    <comppin designator="21" sympin="21" pinswap="0" gateswap="0" gate="1" group="1" side="" type="Any" name="NC" />
    <comppin designator="22" sympin="22" pinswap="0" gateswap="0" gate="1" group="1" side="" type="Any" name="PC00" />
    <comppin designator="23" sympin="23" pinswap="0" gateswap="0" gate="1" group="1" side="" type="Any" name="PC01" />
    <comppin designator="24" sympin="24" pinswap="0" gateswap="0" gate="1" group="1" side="" type="Any" name="PC02" />
    <comppin designator="25" sympin="25" pinswap="0" gateswap="0" gate="1" group="1" side="" type="Any" name="PC03" />
    <comppin designator="26" sympin="26" pinswap="0" gateswap="0" gate="1" group="1" side="" type="Any" name="PC04" />
    <comppin designator="27" sympin="27" pinswap="0" gateswap="0" gate="1" group="1" side="" type="Any" name="PC05" />
    <comppin designator="28" sympin="28" pinswap="0" gateswap="0" gate="1" group="1" side="" type="Any" name="PC06" />
    <comppin designator="29" sympin="29" pinswap="0" gateswap="0" gate="1" group="1" side="" type="Any" name="PC07" />
    <comppin designator="30" sympin="30" pinswap="0" gateswap="0" gate="1" group="1" side="" type="Any" name="RESETN" />
    <comppin designator="31" sympin="31" pinswap="0" gateswap="0" gate="1" group="1" side="" type="Any" name="GND_4" />
    <attached_symbol gate="1" name="BGM220PC22HNA2R" />
    <pinmap designator="1" footprintpin="1" />
    <pinmap designator="2" footprintpin="2" />
    <pinmap designator="3" footprintpin="3" />
    <pinmap designator="4" footprintpin="4" />
    <pinmap designator="5" footprintpin="5" />
    <pinmap designator="6" footprintpin="6" />
    <pinmap designator="7" footprintpin="7" />
    <pinmap designator="8" footprintpin="8" />
    <pinmap designator="9" footprintpin="9" />
    <pinmap designator="10" footprintpin="10" />
    <pinmap designator="11" footprintpin="11" />
    <pinmap designator="12" footprintpin="12" />
    <pinmap designator="13" footprintpin="13" />
    <pinmap designator="14" footprintpin="14" />
    <pinmap designator="15" footprintpin="15" />
    <pinmap designator="16" footprintpin="16" />
    <pinmap designator="17" footprintpin="17" />
    <pinmap designator="18" footprintpin="18" />
    <pinmap designator="19" footprintpin="19" />
    <pinmap designator="20" footprintpin="20" />
    <pinmap designator="21" footprintpin="21" />
    <pinmap designator="22" footprintpin="22" />
    <pinmap designator="23" footprintpin="23" />
    <pinmap designator="24" footprintpin="24" />
    <pinmap designator="25" footprintpin="25" />
    <pinmap designator="26" footprintpin="26" />
    <pinmap designator="27" footprintpin="27" />
    <pinmap designator="28" footprintpin="28" />
    <pinmap designator="29" footprintpin="29" />
    <pinmap designator="30" footprintpin="30" />
    <pinmap designator="31" footprintpin="31" />
    <text name="Datasheet" originx="0" originy="0" style="Default" rotation="0" justify="" flipped="False" hidden="True" data="https://www.arrow.com/en/products/bgm220pc22hna2r/silicon-labs" />
    <text name="Description" originx="0" originy="0" style="Default" rotation="0" justify="" flipped="False" hidden="True" data="Bluetooth Modules (802.15.1) Wireless bluetooth PCB module, Secure Boot w/Root of Trust and Secure Loader(RTSL), 76.8MHz, 8dB, A" />
    <text name="Mouser Part Number" originx="0" originy="0" style="Default" rotation="0" justify="" flipped="False" hidden="True" data="634-BGM220PC22HNA2R" />
    <text name="Mouser Price/Stock" originx="0" originy="0" style="Default" rotation="0" justify="" flipped="False" hidden="True" data="https://www.mouser.co.uk/ProductDetail/Silicon-Labs/BGM220PC22HNA2R?qs=7MVldsJ5Uax5%252BDPfZhtOHw%3D%3D" />
    <text name="Manufacturer_Name" originx="0" originy="0" style="Default" rotation="0" justify="" flipped="False" hidden="True" data="Silicon Labs" />
    <text name="Manufacturer_Part_Number" originx="1150" originy="200" style="Default" rotation="0" justify="left" flipped="False" hidden="False" data="BGM220PC22HNA2R" />
  </component>
</quadcept_library>
